{"cameraMode":{"drawMode":0,"name":"Shaded","section":"Shading Mode"},"sceneLighting":true,"audioPlay":false,"sceneViewState":{"showFog":true,"showMaterialUpdate":true,"showSkybox":true,"showFlares":true,"showImageEffects":true,"showParticleSystems":true},"in2DMode":false,"pivot":{"x":0.001595393754541874,"y":0.1032557487487793,"z":-0.03092712163925171},"rotation":{"x":-0.010807887651026249,"y":0.017410853877663614,"z":-0.00018716596241574734,"w":-0.9997915029525757},"size":0.44308698177337649,"orthographic":false}